-- ==========================
-- SEEDS essenciais
-- ==========================

-- País/Estado/Cidade mínimos
SET IDENTITY_INSERT TB_PAIS ON;
INSERT INTO TB_PAIS (ID_PAIS, NOME) VALUES (1, 'Brasil');
SET IDENTITY_INSERT TB_PAIS OFF;

SET IDENTITY_INSERT TB_ESTADO ON;
INSERT INTO TB_ESTADO (ID_ESTADO, NOME, SIGLA, ID_PAIS) VALUES (1, 'São Paulo', 'SP', 1);
SET IDENTITY_INSERT TB_ESTADO OFF;

SET IDENTITY_INSERT TB_CIDADE ON;
INSERT INTO TB_CIDADE (ID_CIDADE, NOME, ID_ESTADO) VALUES (1, 'São Paulo', 1);
SET IDENTITY_INSERT TB_CIDADE OFF;

-- Pátios
SET IDENTITY_INSERT TB_PATIO ON;
INSERT INTO TB_PATIO (ID_PATIO, NOME) VALUES (1, 'Pátio A');
INSERT INTO TB_PATIO (ID_PATIO, NOME) VALUES (2, 'Pátio B');
SET IDENTITY_INSERT TB_PATIO OFF;

-- Tipos de movimentação
SET IDENTITY_INSERT TB_TIPO_MOVIMENTACAO ON;
INSERT INTO TB_TIPO_MOVIMENTACAO (ID_TIPO_MOVIMENTACAO, DESCRICAO) VALUES (1, 'ENTRADA');
INSERT INTO TB_TIPO_MOVIMENTACAO (ID_TIPO_MOVIMENTACAO, DESCRICAO) VALUES (2, 'SAIDA');
SET IDENTITY_INSERT TB_TIPO_MOVIMENTACAO OFF;

-- Modelos de moto
SET IDENTITY_INSERT TB_MODELO_MOTO ON;
INSERT INTO TB_MODELO_MOTO (ID_MODELO_MOTO, NOME, FABRICANTE) VALUES (1, 'CG 160', 'Honda');
INSERT INTO TB_MODELO_MOTO (ID_MODELO_MOTO, NOME, FABRICANTE) VALUES (2, 'FZ25', 'Yamaha');
SET IDENTITY_INSERT TB_MODELO_MOTO OFF;

-- Modelos de beacon
SET IDENTITY_INSERT TB_MODELO_BEACON ON;
INSERT INTO TB_MODELO_BEACON (ID_MODELO_BEACON, NOME, FABRICANTE) VALUES (1, 'iTag v4', 'Itag');
INSERT INTO TB_MODELO_BEACON (ID_MODELO_BEACON, NOME, FABRICANTE) VALUES (2, 'Tile Pro', 'Tile');
SET IDENTITY_INSERT TB_MODELO_BEACON OFF;

-- Clientes
SET IDENTITY_INSERT TB_CLIENTE ON;
INSERT INTO TB_CLIENTE (ID_CLIENTE, NOME) VALUES (1, 'João da Silva');
INSERT INTO TB_CLIENTE (ID_CLIENTE, NOME) VALUES (2, 'Maria Oliveira');
SET IDENTITY_INSERT TB_CLIENTE OFF;

-- Motos
SET IDENTITY_INSERT TB_MOTO ON;
INSERT INTO TB_MOTO (ID_MOTO, PLACA, ID_CLIENTE, ID_MODELO_MOTO) VALUES (1, 'ABC1D23', 1, 1);
INSERT INTO TB_MOTO (ID_MOTO, PLACA, ID_CLIENTE, ID_MODELO_MOTO) VALUES (2, 'XYZ2E45', 2, 2);
SET IDENTITY_INSERT TB_MOTO OFF;

-- Beacons
SET IDENTITY_INSERT TB_BEACON ON;
INSERT INTO TB_BEACON (ID_BEACON, UUID, BATERIA, ID_MOTO, ID_MODELO_BEACON) VALUES (1, 'uuid-001', 87, 1, 1);
INSERT INTO TB_BEACON (ID_BEACON, UUID, BATERIA, ID_MOTO, ID_MODELO_BEACON) VALUES (2, 'uuid-002', 42, NULL, 2);
SET IDENTITY_INSERT TB_BEACON OFF;

-- Localização inicial
SET IDENTITY_INSERT TB_LOCALIZACAO ON;
INSERT INTO TB_LOCALIZACAO (ID_LOCALIZACAO, POSICAO_X, POSICAO_Y, DATA_HORA, ID_MOTO, ID_PATIO)
VALUES (1, 10, 20, GETDATE(), 1, 1);
SET IDENTITY_INSERT TB_LOCALIZACAO OFF;

-- Movimentação exemplo
SET IDENTITY_INSERT TB_MOVIMENTACAO ON;
INSERT INTO TB_MOVIMENTACAO (ID_MOVIMENTACAO, DATA_MOVIMENTACAO, OBSERVACAO, ID_MOTO, ID_TIPO_MOVIMENTACAO)
VALUES (1, GETDATE(), 'Entrada inicial', 1, 1);
SET IDENTITY_INSERT TB_MOVIMENTACAO OFF;

-- Registro de bateria exemplo
SET IDENTITY_INSERT TB_REGISTRO_BATERIA ON;
INSERT INTO TB_REGISTRO_BATERIA (ID_REGISTRO_BATERIA, ID_BEACON, NIVEL, DATA_HORA)
VALUES (1, 1, 87, GETDATE());
SET IDENTITY_INSERT TB_REGISTRO_BATERIA OFF;
